Conference,Acronym,Year,Topic,Papers(5Y),Citations(5Y),h5
International Conference on 3D Vision (3DV),3DV,2025,General,,,56.0 (2025) [GS]
"International Conference on Innovation and Intelligence for Informatics, Computing, and Technologies",3ICT,2025,General,,,21.0 (2025) [GS]
AAAI Conference on Artificial Intelligence,AAAI,2025,General,,,232.0 (2025) [GS]
AAAI Conference on Artificial Intelligence,AAAI,2025,General,,,232.0 (2025) [GS]
AAAI Conference on Artificial Intelligence and Interactive Digital Entertainment,AAAI,2025,General,,,23.0 (2025) [GS]
AAAI Conference on Artificial Intelligence and Interactive Digital Entertainment,AAAI,2025,General,,,23.0 (2025) [GS]
International Conference on Autonomous Agents and Multiagent Systems,AAMAS,2025,General,,,54.0 (2025) [GS]
American Control Conference,ACC,2025,General,,,50.0 (2025) [GS]
Asian Conference on Computer Vision (ACCV),ACCV,2025,General,,,52.0 (2025) [GS]
International Conference on Affective Computing and Intelligent Interaction and Workshops,ACII,2025,General,,,23.0 (2025) [GS]
Asia-Pacific Conference on Intelligent Robot Systems,ACIRS,2025,General,,,9.0 (2025) [GS]
Australasian Conference on Information Security and Privacy (ACISP),ACISP,2025,General,,,18.0 (2025) [GS]
Annual Symposium on Computer-Human Interaction in Play,ACM CHI PLAY,2025,General,,,27.0 (2025) [GS]
ACM International Conference on Interactive Media Experiences,ACM IMX,2025,General,,,20.0 (2025) [GS]
ACM Symposium on Cloud Computing,ACMSOCC,2025,General,,,39.0 (2025) [GS]
Applied Cryptography and Network Security,ACNS,2025,General,,,28.0 (2025) [GS]
Computer Security Applications Conference,ACSAC,2025,General,,,40.0 (2025) [GS]
International Conference on Geographic Information Science,AGILEGIS,2025,General,,,11.0 (2025) [GS]
Augmented Human International Conference (AH),AH,2025,General,,,19.0 (2025) [GS]
Canadian Conference on Artificial Intelligence,AI,2025,General,,,19.0 (2025) [GS]
IEEE International Conference on Application of Information and Communication Technologies (AICT),AICT,2025,General,,,17.0 (2025) [GS]
"DMIHER International Conference on Artificial Intelligence in Healthcare, Education and Industry",AIED,2025,General,,,5.0 (2025) [GS]
"AAAI/ACM Conference on AI, Ethics, and Society",AIES,2025,General,,,62.0 (2025) [GS]
AAAI Conference on Artificial Intelligence and Interactive Digital Entertainment,AIIDE,2025,General,,,23.0 (2025) [GS]
IEEE/ASME International Conference on Advanced Intelligent Mechatronics,AIM,2025,General,,,20.0 (2025) [GS]
Conference on Advances in Modal Logic,AIML,2025,General,,,10.0 (2025) [GS]
"IEEE Applied Imagery Pattern Recognition Workshop, AIPR",AIPR,2025,General,,,15.0 (2025) [GS]
International Conference on Artificial Intelligence and Statistics,AISTATS,2025,General,,,101.0 (2025) [GS]
IEEE International Conference On Artificial Intelligence Testing,AITest,2025,General,,,16.0 (2025) [GS]
"Allerton Conference on Communication, Control, and Computing",ALLERTON,2025,General,,,11.0 (2025) [GS]
Americas Conference on Information Systems (AMCIS),AMCIS,2025,General,,,29.0 (2025) [GS]
"International Conference on Ambient Systems, Networks and Technologies (ANT)",ANT,2025,General,,,47.0 (2025) [GS]
"IEEE Asia Pacific Conference on Circuits and Systems, APCCAS",APCCAS,2025,General,,,12.0 (2025) [GS]
"International Conference on Availability, Reliability and Security, ARES",ARES,2025,General,,,35.0 (2025) [GS]
IEEE Workshop on Advanced Robotics and its Social Impacts (ARSO),ARSO,2025,General,,,8.0 (2025) [GS]
"IEEE International Conference on Application-specific Systems, Architectures and Processors, ASAP",ASAP,2025,General,,,20.0 (2025) [GS]
IEEE/ACM International Conference on Automated Software Engineering (ASE),ASE,2025,General,,,57.0 (2025) [GS]
"International Conference on Anti-counterfeiting, Security, and Identification in Communication",ASID,2025,General,,,9.0 (2025) [GS]
Asia and South Pacific Design Automation Conference (ASP-DAC),ASP-DAC,2025,General,,,34.0 (2025) [GS]
International Conference on Architectural Support for Programming Languages and Operating Systems (ASPLOS),ASPLOS,2025,General,,,77.0 (2025) [GS]
USENIX Annual Technical Conference,ATC,2025,General,,,57.0 (2025) [GS]
Asian Test Symposium,ATS,2025,General,,,10.0 (2025) [GS]
International Audio Mostly Conference,AUDIOMOSTLY,2025,General,,,13.0 (2025) [GS]
IEEE International Conference on Advanced Video and Signal-Based Surveillance (AVSS),AVSS,2025,General,,,13.0 (2025) [GS]
"IEEE/ACM International Conference on Big Data Computing, Applications and Technologies",BDCAT,2025,General,,,10.0 (2025) [GS]
IEEE International Conference on Big Data and Cloud Computing (BdCloud),BDCLOUD,2025,General,,,7.0 (2025) [GS]
"IEEE International Conference on Bioinformatics and Bioengineering, BIBE",BIBE,2025,General,,,20.0 (2025) [GS]
IEEE International Conference on Bioinformatics and Biomedicine,BIBM,2025,General,,,31.0 (2025) [GS]
International Conference on Biomedical Engineering and Informatics,BMEI,2025,General,,,15.0 (2025) [GS]
British Machine Vision Conference (BMVC),BMVC,2025,General,,,57.0 (2025) [GS]
Brazilian Conference on Intelligent Systems (BRACIS),BRACIS,2025,General,,,18.0 (2025) [GS]
Brazilian Workshop on Social Network Analysis and Mining (BraSNAM),BRASNAM,2025,General,,,8.0 (2025) [GS]
IEEE International Conference on Biometrics: Theory Applications and Systems (BTAS),BTAS,2025,General,,,34.0 (2025) [GS]
International Conference on Automated Deduction,CADE,2025,General,,,24.0 (2025) [GS]
International Conference on Computer Analysis of Images and Patterns,CAIP,2025,General,,,11.0 (2025) [GS]
International Conference on Advanced Information Systems Engineering,CAISE,2025,General,,,24.0 (2025) [GS]
IEEE International Workshop on Computer Aided Modeling and Design of Communication Links and Networks (CAMAD),CAMAD,2025,General,,,17.0 (2025) [GS]
"IEEE International Conference on Automation Science and Engineering, CASE",CASE,2025,General,,,30.0 (2025) [GS]
International Conference on Computer Aided Verification (CAV),CAV,2025,General,,,44.0 (2025) [GS]
Congresso Brasileiro de Automática-CBA,CBA,2025,General,,,8.0 (2025) [GS]
International Workshop on Content-Based Multimedia Indexing,CBMI,2025,General,,,13.0 (2025) [GS]
IEEE International Conference on Cyborg and Bionic Systems,CBS,2025,General,,,5.0 (2025) [GS]
Canadian Conference on Computational Geometry,CCCG,2025,General,,,8.0 (2025) [GS]
IEEE Canadian Conference on Electrical and Computer Engineering,CCECE,2025,General,,,17.0 (2025) [GS]
ACM Symposium on Computer and Communications Security,CCS,2025,General,,,90.0 (2025) [GS]
IEEE Conference on Decision and Control,CDC,2025,General,,,48.0 (2025) [GS]
IEEE International Conference on Digital Health,CDH,2025,General,,,12.0 (2025) [GS]
IEEE Congress on Evolutionary Computation,CEC,2025,General,,,94.0 (2025) [GS]
International Conference on Enterprise Information Systems (ICEIS),CENTERIS,2025,General,,,23.0 (2025) [GS]
ACM International Conference on Computing Frontiers,CF,2025,General,,,20.0 (2025) [GS]
International Symposium on Code Generation and Optimization,CGO,2025,General,,,25.0 (2025) [GS]
Conference on Human Information Interaction and Retrieval,CHIIR,2025,General,,,29.0 (2025) [GS]
Iberoamerican Congress on Pattern Recognition (CIARP),CIARP,2025,General,,,7.0 (2025) [GS]
"IEEE Custom Integrated Circuits Conference, CICC",CICC,2025,General,,,30.0 (2025) [GS]
IEEE Conference on Computational Intelligence and Games (CIG),CIG,2025,General,,,27.0 (2025) [GS]
ACM International Conference on Information and Knowledge Management,CIKM,2025,General,,,96.0 (2025) [GS]
"International Conference on Complex, Intelligent and Software Intensive Systems",CISIS,2025,General,,,15.0 (2025) [GS]
Iberian Conference on Information Systems and Technologies,CISTI,2025,General,,,24.0 (2025) [GS]
"International Conference on Computer, Information and Telecommunication Systems",CITS,2025,General,,,14.0 (2025) [GS]
International Conference on Cloud Computing and Services Science (CLOSER),CLOSER,2025,General,,,17.0 (2025) [GS]
IEEE International Conference on Cloud Computing Technology and Science (CloudCom),CloudCom,2025,General,,,9.0 (2025) [GS]
IEEE International Conference on Cluster Computing,CLUSTER,2025,General,,,24.0 (2025) [GS]
Congresso Nacional de Matemática Aplicada e Computacional,CNMAC,2025,General,515,44,2 (2025) [CR]
IEEE Conference on Communications and Network Security,CNS,2025,General,,,21.0 (2025) [GS]
International Conference on Computing and Combinatorics,COCOON,2025,General,,,11.0 (2025) [GS]
ACM Conference on Data and Application Security and Privacy,CODASPY,2025,General,,,24.0 (2025) [GS]
IEEE Conference on Computational Intelligence and Games (CIG),COG,2025,General,,,27.0 (2025) [GS]
Annual Meeting of the Cognitive Science Society,COGSCI,2025,General,,,36.0 (2025) [GS]
International Conference on Computational Linguistics (COLING),COLING,2025,General,,,81.0 (2025) [GS]
"International Conference on Collaborative Computing: Networking, Applications and Worksharing (CollaborateCom)",CollaborateCom,2025,General,,,9.0 (2025) [GS]
Conference on Learning Theory (COLT),COLT,2025,General,,,74.0 (2025) [GS]
IEEE Annual Computer Software and Applications Conference (COMPSAC),COMPSAC,2025,General,,,30.0 (2025) [GS]
International Conference on Concurrency Theory (CONCUR),CONCUR,2025,General,,,18.0 (2025) [GS]
ACM Conference on Emerging Network Experiment and Technology (CoNEXT),CONEXT,2025,General,,,29.0 (2025) [GS]
International Conference in Software Engineering Research and Innovation,CONISOFT,2025,General,,,10.0 (2025) [GS]
Conference on Computational Natural Language Learning (CoNLL),CoNLL,2025,General,,,30.0 (2025) [GS]
CONTECSI-International Conference on Information Systems and Technology Management Virtual,CONTECSI,2025,General,,,2.0 (2025) [GS]
Conference on Robot Learning,CoRL,2025,General,,,107.0 (2025) [GS]
International Conference on Principles and Practice of Constraint Programming,CP,2025,General,,,20.0 (2025) [GS]
ACM SIGPLAN International Conference on Certified Programs and Proofs,CPP,2025,General,,,23.0 (2025) [GS]
Canadian Conference on Computer and Robot Vision (CRV),CRV,2025,General,,,17.0 (2025) [GS]
International Cryptology Conference (CRYPTO),CRYPTO,2025,General,,,66.0 (2025) [GS]
International Conference on Computer-Supported Collaborative Learning,CSCL,2025,General,,,7.0 (2025) [GS]
IEEE Conference on Standards for Communications and Networking,CSCN,2025,General,,,12.0 (2025) [GS]
ACM Conference on Computer-Supported Cooperative Work & Social Computing,CSCW,2025,General,,,27.0 (2025) [GS]
International Conference on Computer Supported Education (CSEDU),CSEDU,2025,General,,,25.0 (2025) [GS]
IEEE-CS Conference on Software Engineering Education and Training (CSEE&T),CSEE&T,2025,General,,,12.0 (2025) [GS]
IEEE Computer Security Foundations Symposium,CSF,2025,General,,,22.0 (2025) [GS]
Conference for Computer Science Logic (CSL),CSL,2025,General,,,19.0 (2025) [GS]
International Symposium on Communication Systems Networks and Digital Signal Processing,CSNDSP,2025,General,,,15.0 (2025) [GS]
Cyber Security in Networking Conference,CSNet,2025,General,,,12.0 (2025) [GS]
IEEE/CVF Computer Society Conference on Computer Vision and Pattern Recognition Workshops (CVPRW),CVPRW,2025,General,,,117.0 (2025) [GS]
Asia and South Pacific Design Automation Conference (ASP-DAC),DAC,2025,General,,,34.0 (2025) [GS]
International Conference on Database Systems for Advanced Applications,DASFAA,2025,General,,,23.0 (2025) [GS]
"Data Compression Conference, DCC",DCC,2025,General,,,21.0 (2025) [GS]
IEEE International Conference on Distributed Computing in Sensor Systems,DCOSS,2025,General,,,22.0 (2025) [GS]
IEEE International Symposium on Design and Diagnostics of Electronic Circuits & Systems,DDECS,2025,General,,,12.0 (2025) [GS]
Annual International Conference on Digital Government Research,DGO,2025,General,,,24.0 (2025) [GS]
International Symposium on Distributed Computing (DISC),DISC,2025,General,,,23.0 (2025) [GS]
International Workshop on Description Logics,DL,2025,General,,,17.0 (2025) [GS]
ACM Symposium on Document Engineering,DOCENG,2025,General,,,14.0 (2025) [GS]
"IEEE/ACM International Symposium on Distributed Simulation and Real-Time Applications, DR-RT",DS-RT,2025,General,,,14.0 (2025) [GS]
IEEE International Conference on Data Science and Advanced Analytics (DSAA),DSAA,2025,General,,,27.0 (2025) [GS]
IEEE Conference on Dependable and Secure Computing,DSC,2025,General,,,17.0 (2025) [GS]
"Euromicro Conference on Digital System Design, Architectures, Methods and Tools, DSD",DSD,2025,General,,,20.0 (2025) [GS]
IEEE Symposium on New Frontiers in Dynamic Spectrum Access Networks,DySPAN,2025,General,,,12.0 (2025) [GS]
Conference of the European Chapter of the Association for Computational Linguistics (EACL),EACL,2025,General,,,77.0 (2025) [GS]
International Conference on Evaluation and Assessment in Software Engineering,EASE,2025,General,,,31.0 (2025) [GS]
Euro American Conference on Telematics and Information Systems,EATIS,2025,General,,,6.0 (2025) [GS]
European Conference on Artificial Intelligence (ECAI),ECAI,2025,General,,,44.0 (2025) [GS]
European Conference on Computer Vision,ECCV,2025,General,,,262.0 (2025) [GS]
European Conference on Advances in Information Retrieval,ECIR,2025,General,,,47.0 (2025) [GS]
European Conference on Mobile Robots,ECMR,2025,General,,,14.0 (2025) [GS]
European Conference on Modelling and Simulation (ECMS),ECMS,2025,General,,,12.0 (2025) [GS]
European Conference on Object-oriented Programming (ECOOP),ECOOP,2025,General,,,21.0 (2025) [GS]
Euromicro Conference on Real-Time Systems,ECRTS,2025,General,,,20.0 (2025) [GS]
European Conference on Software Architecture,ECSA,2025,General,,,21.0 (2025) [GS]
European Conference on Computer-Supported Cooperative Work,ECSCW,2025,General,,,12.0 (2025) [GS]
International Conference on Extending Database Technology (EDBT),EDBT,2025,General,,,29.0 (2025) [GS]
European Dependable Computing Conference,EDCC,2025,General,,,16.0 (2025) [GS]
International Conference on Educational Data Mining (EDM),EDM,2025,General,,,31.0 (2025) [GS]
"International IEEE Enterprise Distributed Object Computing Conference, EDOC",EDOC,2025,General,,,19.0 (2025) [GS]
Simpósio Brasileiro de Educação em Computação (EDUCOMP),EDUCOMP,2025,General,,,11.0 (2025) [GS]
International Conference on Electronic Government,EGOV,2025,General,,,17.0 (2025) [GS]
ACM SIGCHI Symposium on Engineering Interactive Computing Systems,EICS,2025,General,,,10.0 (2025) [GS]
IEEE International Conference on Electro/Information Technology,EIT,2025,General,,,27.0 (2025) [GS]
IEEE EMBS International Conference on Biomedical and Health Informatics,EMBS,2025,General,,,17.0 (2025) [GS]
Conference on Empirical Methods in Natural Language Processing (EMNLP),EMNLP,2025,General,,,218.0 (2025) [GS]
Encontro Nacional de Inteligência Artificial e Computacional,ENIAC,2025,General,,,9.0 (2025) [GS]
Portuguese Conference on Artificial Intelligence (EPIA),EPIA,2025,General,,,11.0 (2025) [GS]
International Conference on Conceptual Modeling,ER,2025,General,,,24.0 (2025) [GS]
European Symposium on Algorithms,ESA,2025,General,,,22.0 (2025) [GS]
European Symposium on Programming (ESOP),ESOP,2025,General,,,24.0 (2025) [GS]
European Solid State Circuits Conference (ESSCIRC),ESSCIRC,2025,General,,,19.0 (2025) [GS]
"European Solid State Device Research Conference, ESSDERC",ESSDERC,2025,General,,,13.0 (2025) [GS]
Extended Semantic Web Conference,ESWC,2025,General,,,31.0 (2025) [GS]
Encontro de Teoria da Computação (ETC),ETC,2025,General,,,2.0 (2025) [GS]
IEEE European Test Symposium (ETS),ETS,2025,General,,,16.0 (2025) [GS]
European Conference on Networks and Communications,EuCNC,2025,General,,,26.0 (2025) [GS]
"European Conference on Combinatorics, Graph Theory and Applications",EUROCOMB,2025,General,,,9.0 (2025) [GS]
International Conference on Theory and Applications of Cryptographic Techniques (EUROCRYPT),EUROCRYPT,2025,General,,,66.0 (2025) [GS]
EuroHaptics,EUROHAPTICS,2025,General,,,11.0 (2025) [GS]
European Conference on Pattern Languages of Programs,EuroPloP,2025,General,,,14.0 (2025) [GS]
Conference on European System & Software Process Improvement and Innovation (EuroSPI),EuroSPI,2025,General,,,17.0 (2025) [GS]
ACM European Conference on Computer Systems,EUROSYS,2025,General,,,52.0 (2025) [GS]
European Signal Processing Conference (EUSIPCO),EUSIPCO,2025,General,,,35.0 (2025) [GS]
International Conference on Financial Cryptography and Data Security,FC,2025,General,,,50.0 (2025) [GS]
Foundations of Digital Games,FDG,2025,General,,,27.0 (2025) [GS]
International Conference on Future Internet of Things and Cloud (FiCloud),FiCloud,2025,General,,,11.0 (2025) [GS]
"International Symposium On Leveraging Applications of Formal Methods, Verification and Validation",FM,2025,General,,,22.0 (2025) [GS]
International Conference on Foundations of Software Science and Computation Structures (FoSSaCS),FoSSaCS,2025,General,,,15.0 (2025) [GS]
Symposium on Field Programmable Gate Arrays (FPGA),FPGA,2025,General,,,39.0 (2025) [GS]
International Conference on Field Programmable Logic and Applications,FPL,2025,General,,,26.0 (2025) [GS]
International Conference on Formal Structures for Computation and Deduction,FSCD,2025,General,,,16.0 (2025) [GS]
International Conference on Information Fusion,FUSION,2025,General,,,23.0 (2025) [GS]
IEEE International Conference on Fuzzy Systems (FUZZ),FUZZ,2025,General,,,25.0 (2025) [GS]
Conference on Genetic and Evolutionary Computation,GECCO,2025,General,,,49.0 (2025) [GS]
Brazilian Symposium on GeoInformatics,GEOINFO,2025,General,,,4.0 (2025) [GS]
Graphics Interface Conference,GI,2025,General,,,13.0 (2025) [GS]
International Conference on Geographic Information Science,GIScience,2025,General,,,11.0 (2025) [GS]
Great Lakes Symposium on VLSI,GLSVLSI,2025,General,,,24.0 (2025) [GS]
International Conference on Computer Graphics Theory and Applications (GRAPP),GRAPP,2025,General,,,11.0 (2025) [GS]
International Conference on Health Informatics (HEALTHINF),HEALTHINF,2025,General,,,18.0 (2025) [GS]
Hawaii International Conference on System Sciences,HICSS,2025,General,,,53.0 (2025) [GS]
IEEE International Conference on High Performance Computing and Communications,HIPC,2025,General,,,19.0 (2025) [GS]
ACM Workshop on Hot Topics in Networks,HOTNETS,2025,General,,,23.0 (2025) [GS]
IEEE International Symposium on High Performance Computer Architecture,HPCA,2025,General,,,59.0 (2025) [GS]
ACM International Symposium on High Performance Distributed Computing,HPDC,2025,General,,,23.0 (2025) [GS]
ACM/IEEE International Conference on Human Robot Interaction,HRI,2025,General,,,52.0 (2025) [GS]
ACM Conference on Hypertext and Hypermedia,Hypertext,2025,General,,,21.0 (2025) [GS]
IEEE Annual Meeting Industry Applications Society,IAS,2025,General,,,28.0 (2025) [GS]
IEEE International Conference on Cloud Engineering,IC2E,2025,General,,,19.0 (2025) [GS]
"International Joint Conference on Knowledge Discovery, Knowledge Engineering and Knowledge Management",IC3K,2025,General,,,10.0 (2025) [GS]
International Conference on Algorithms and Architectures for Parallel Processing (ICA3PP),ICA3PP,2025,General,,,13.0 (2025) [GS]
International Conference on Agents and Artificial Intelligence (ICAART),ICAART,2025,General,,,24.0 (2025) [GS]
International Conference on Artificial Intelligence and Soft Computing ICAISC,ICAISC,2025,General,,,13.0 (2025) [GS]
"International Colloquium on Automata, Languages and Programming (ICALP)",ICALP,2025,General,,,29.0 (2025) [GS]
International Conference on Automated Planning and Scheduling (ICAPS),ICAPS,2025,General,,,33.0 (2025) [GS]
International Conference on Advanced Robotics and Mechatronics,ICARM,2025,General,,,14.0 (2025) [GS]
IEEE International Conference on Autonomous Robot Systems and Competitions,ICARSC,2025,General,,,19.0 (2025) [GS]
"International Conference on Control, Automation, Robotics and Vision",ICARV,2025,General,,,16.0 (2025) [GS]
"IEEE International Conference on Acoustics, Speech and Signal Processing (ICASSP)",ICASSP,2025,General,,,137.0 (2025) [GS]
IEEE International Conference on Biometrics: Theory Applications and Systems (BTAS),ICB,2025,General,,,34.0 (2025) [GS]
IEEE International Conference on Blockchain and Cryptocurrency,ICBC,2025,General,,,32.0 (2025) [GS]
IEEE International Conference on Communications Workshops (ICC Workshops),ICC,2025,General,,,34.0 (2025) [GS]
IEEE/ACM International Conference on Computer-Aided Design (ICCAD),ICCAD,2025,General,,,46.0 (2025) [GS]
International Conference on Computational Creativity,ICCC,2025,General,,,21.0 (2025) [GS]
"IEEE International Conference on Computer Design, ICCD",ICCD,2025,General,,,23.0 (2025) [GS]
International Conference on Computers in Education,ICCE-EDU,2025,General,,,16.0 (2025) [GS]
"International Conference on Computing, Electronics & Communications Engineering",iCCECE,2025,General,,,13.0 (2025) [GS]
International Conference on Computers Helping People with Special Needs,ICCHP,2025,General,,,15.0 (2025) [GS]
International Conference on Computational Logistics,ICCL2,2025,General,,,12.0 (2025) [GS]
International Conference on Computing and Pattern Recognition,ICCPR,2025,General,,,9.0 (2025) [GS]
International Conference on Computational Science and Its Applications,ICCSA,2025,General,,,31.0 (2025) [GS]
"International Conference on Communications, Signal Processing, and their Applications",ICCSPA,2025,General,,,13.0 (2025) [GS]
IEEE/CVF International Conference on Computer Vision Workshops (ICCVW),ICCVW,2025,General,,,63.0 (2025) [GS]
International Conference on Document Analysis and Recognition,ICDAR,2025,General,,,30.0 (2025) [GS]
"International Conference on Distributed Computing Systems, ICDCS",ICDCS,2025,General,,,41.0 (2025) [GS]
International Conference on Digital Image Processing,ICDIP,2025,General,,,10.0 (2025) [GS]
IEEE International Conference on Data Mining,ICDM,2025,General,,,49.0 (2025) [GS]
International Conference on Database Theory,ICDT,2025,General,,,19.0 (2025) [GS]
IEEE International Conference on e-Business Engineering,ICEBE,2025,General,,,8.0 (2025) [GS]
"IEEE International Conference on Electronics, Circuits and Systems",ICECS,2025,General,,,17.0 (2025) [GS]
International Conference on eDemocracy & eGovernment,ICEDEG,2025,General,,,16.0 (2025) [GS]
International Conference on Enterprise Information Systems (ICEIS),ICEIS,2025,General,,,23.0 (2025) [GS]
International Computing Education Research Conference (ICER),ICER,2025,General,,,29.0 (2025) [GS]
International Conference on Future Networks and Distributed Systems,ICFNDS,2025,General,,,23.0 (2025) [GS]
IEEE International Conference on Healthcare Informatics,ICHI,2025,General,,,19.0 (2025) [GS]
International Conference on Image Analysis and Processing (ICIAP),ICIAP,2025,General,,,17.0 (2025) [GS]
International Conference on Information and Communications Security,ICICS,2025,General,,,14.0 (2025) [GS]
International Conference on Interactive Digital Storytelling,ICIDS,2025,General,,,16.0 (2025) [GS]
"International Conference on Informatics in Control, Automation and Robotics",ICINCO,2025,General,,,12.0 (2025) [GS]
IEEE International Conference on Image Processing (ICIP),ICIP,2025,General,,,55.0 (2025) [GS]
International Conference on Intelligent Robotics and Applications,ICIRA,2025,General,,,13.0 (2025) [GS]
International Conference on Information Systems (ICIS),ICIS,2025,General,,,35.0 (2025) [GS]
International Conference on Information and Software Technologies (ICIST),ICIST,2025,General,,,10.0 (2025) [GS]
IEEE International Conference on Industrial Technology,ICIT,2025,General,,,22.0 (2025) [GS]
"International Conference on Image, Vision and Computing",ICIVC,2025,General,,,16.0 (2025) [GS]
International Conference on Logic Programming,ICLP,2025,General,,,9.0 (2025) [GS]
International Conference on Learning Representations,ICLR,2025,General,,,362.0 (2025) [GS]
IEEE International Conference on Mechatronics and Automation,ICMA,2025,General,,,16.0 (2025) [GS]
IEEE International Conference on Multimedia and Expo Workshops (ICMEW),ICMEW,2025,General,,,24.0 (2025) [GS]
"IEEE International Conference on Cybernetics, Cognition and Machine Learning Applications",ICMLA,2025,General,,,12.0 (2025) [GS]
ACM International Conference on Multimedia Retrieval,ICMR,2025,General,,,33.0 (2025) [GS]
"International Conference on Natural Computation, Fuzzy Systems and Knowledge Discovery",ICNC-FSKD,2025,General,,,5.0 (2025) [GS]
IEEE International Conference on Network Protocols,ICNP,2025,General,,,26.0 (2025) [GS]
"IEEE International Conference on Networking, Sensing and Control",ICNSC,2025,General,,,15.0 (2025) [GS]
International Conference on Neural Information Processing,ICONIP,2025,General,,,27.0 (2025) [GS]
IEEE International Conference on Rehabilitation Robotics,ICORR,2025,General,,,10.0 (2025) [GS]
IEEE International Conference on Program Comprehension,ICPC,2025,General,,,32.0 (2025) [GS]
ACM/SPEC International Conference on Performance Engineering,ICPE,2025,General,,,25.0 (2025) [GS]
International Conference on Parallel Processing (ICPP),ICPP,2025,General,,,24.0 (2025) [GS]
International Conference on Supercomputing (ICS),ICS,2025,General,,,25.0 (2025) [GS]
IEEE International Conference on Semantic Computing,ICSC,2025,General,,,20.0 (2025) [GS]
IEEE International Conference on Software Engineering and Service Science,ICSESS,2025,General,,,14.0 (2025) [GS]
International Conference on Advances in Swarm Intelligence,ICSI,2025,General,,,13.0 (2025) [GS]
IEEE International Conference on Signal and Image Processing Applications,ICSIP,2025,General,,,9.0 (2025) [GS]
IEEE International Conference on Software Maintenance and Evolution,ICSME,2025,General,,,35.0 (2025) [GS]
International Conference on Software Business (ICSOB),ICSOB,2025,General,,,13.0 (2025) [GS]
International Conference on Service Oriented Computing,ICSOC,2025,General,,,21.0 (2025) [GS]
International Joint Conference on Software Technologies (ICSOFT),ICSOFT,2025,General,,,14.0 (2025) [GS]
"International Conference on Signal Processing, Communication, Power and Embedded System",ICSPCEC,2025,General,,,2.0 (2025) [GS]
"IEEE International Conference on Software Testing, Verification and Validation (ICST)",ICSTV,2025,General,,,34.0 (2025) [GS]
IEEE International Conference on Telecommunications (ICT),ICT,2025,General,,,15.0 (2025) [GS]
International Colloquium on Theoretical Aspects of Computing,ICTAC,2025,General,,,11.0 (2025) [GS]
IEEE International Conference on Tools with Artificial Intelligence (ICTAI),ICTAI,2025,General,,,26.0 (2025) [GS]
Italian Conference on Theoretical Computer Science,ICTCS,2025,General,,,8.0 (2025) [GS]
International Conference on Transparent Optical Networks,ICTON,2025,General,,,18.0 (2025) [GS]
International Conference on Unmanned Aircraft Systems,ICUAS,2025,General,,,29.0 (2025) [GS]
International Conference on Ultra Modern Telecommunications (ICUMT),ICUMT,2025,General,,,16.0 (2025) [GS]
International Conference on Virtual Rehabilitation (ICVR),ICVR,2025,General,,,12.0 (2025) [GS]
International Conference on Virtual Reality and Visualization,ICVRV,2025,General,,,7.0 (2025) [GS]
International Conference on Intelligent Systems and Computer Vision,ICVS,2025,General,,,18.0 (2025) [GS]
International Conference on Web Engineering (ICWE),ICWE,2025,General,,,15.0 (2025) [GS]
International Conference on Web-Based Learning (ICWL),ICWL,2025,General,,,10.0 (2025) [GS]
IEEE International Conference on Web Services,ICWS,2025,General,,,23.0 (2025) [GS]
International Symposium on Intelligent and Distributed Computing,IDC,2025,General,,,8.0 (2025) [GS]
IEEE Annual Conference of the Industrial Electronics Society,IECON,2025,General,,,27.0 (2025) [GS]
IEEE International Conference on Nanotechnology (IEEE-NANO),IEEE NANO,2025,General,,,12.0 (2025) [GS]
IEEE International Symposium on Wearable Computers,IEEEISWC,2025,General,,,18.0 (2025) [GS]
IEEE International Conference on Nanotechnology (IEEE-NANO),IEEENANO,2025,General,,,12.0 (2025) [GS]
IEEE International Conference on Services Computing,IEEESCC,2025,General,,,19.0 (2025) [GS]
IFIP International Internet of Things Conference.,IFIPIoT,2025,General,,,10.0 (2025) [GS]
"International Conference on Green Energy, Computing and Sustainable Technology",IGSC,2025,General,,,13.0 (2025) [GS]
ACM Workshop on Information Hiding and Multimedia Security,IH&MMSec,2025,General,,,20.0 (2025) [GS]
Simpósio Brasileiro sobre Fatores Humanos em Sistemas Computacionais (IHC),IHC,2025,General,,,5.0 (2025) [GS]
IEEE International Symposium on Workload Characterization,IISWC,2025,General,,,22.0 (2025) [GS]
International Conference on Information Integration and Web-based Applications & Services (IIWAS),IIWAS,2025,General,,,12.0 (2025) [GS]
International Joint Conference on Artificial Intelligence (IJCAI),IJCAI,2025,General,,,136.0 (2025) [GS]
International Joint Conference on Computational Intelligence,IJCCI,2025,General,,,13.0 (2025) [GS]
International Joint Conference on Natural Language Processing (IJCNLP),IJCNLP,2025,General,,,41.0 (2025) [GS]
IFIP/IEEE International Symposium on Integrated Network Management,IM,2025,General,,,19.0 (2025) [GS]
ACM on Internet Measurement Conference,IMC,2025,General,,,43.0 (2025) [GS]
International Conference on Innovative Mobile and Internet Services in Ubiquitous Computing,IMIS,2025,General,,,11.0 (2025) [GS]
International Conference on Intelligent Networking and Collaborative Systems (INCoS),INCOS,2025,General,,,10.0 (2025) [GS]
IEEE International Conference on Industrial Informatics,INDIN,2025,General,,,20.0 (2025) [GS]
International Conference on Cryptology in India (INDOCRYPT),INDOCRYPT,2025,General,,,17.0 (2025) [GS]
IEEE International Conference on Computer Communications (INFOCOM),INFOCOM,2025,General,,,80.0 (2025) [GS]
"International Symposium on Instrumentation Systems, Circuits and Transducers",INSCIT,2025,General,,,4.0 (2025) [GS]
SAI Intelligent Systems Conference,INTELLISYS,2025,General,,,23.0 (2025) [GS]
Conference of the International Speech Communication Association (INTERSPEECH),INTERSPEECH,2025,General,,,112.0 (2025) [GS]
IEEE International On-Line Testing Symposium,IOLTS,2025,General,,,16.0 (2025) [GS]
"International Conference on Internet of Things: Systems, Management and Security",IOTSMS,2025,General,,,14.0 (2025) [GS]
"IEEE International Performance, Computing, and Communications Conference, IPCCC",IPCCC,2025,General,,,15.0 (2025) [GS]
IEEE International Symposium on Parallel & Distributed Processing,IPDPS,2025,General,,,41.0 (2025) [GS]
International Conference on Information Processing and Management of Uncertainty in Knowledge-Based Systems,IPMU,2025,General,,,16.0 (2025) [GS]
IEEE International Conference on Robotic Computing,IRC,2025,General,,,16.0 (2025) [GS]
IEEE International Conference on Information Reuse and Integration,IRI,2025,General,,,22.0 (2025) [GS]
IEEE/RSJ International Conference on Intelligent Robots and Systems,IROS,2025,General,,,92.0 (2025) [GS]
International Symposium on Algorithms and Computation,ISAAC,2025,General,,,17.0 (2025) [GS]
International Symposium on Ambient Intelligence,ISAmI,2025,General,,,11.0 (2025) [GS]
IEEE International Symposium on Biomedical Imaging: From Nano to Macro,ISBI,2025,General,,,52.0 (2025) [GS]
International Conference on Supercomputing (ICS),ISC,2025,General,,,25.0 (2025) [GS]
International Symposium on Computer Architecture (ISCA),ISCA,2025,General,,,64.0 (2025) [GS]
"International Symposium on Networks, Computers and Communications",ISCC,2025,General,,,23.0 (2025) [GS]
International Conference on Information Systems for Crisis Response and Management,ISCRAM,2025,General,,,16.0 (2025) [GS]
International Conference on Information Systems Development,ISD,2025,General,,,9.0 (2025) [GS]
International Conference on Intelligent Systems Design and Applications,ISDA,2025,General,,,16.0 (2025) [GS]
IEEE International Conference on Information Systems and Computer Aided Education,ISECON,2025,General,,,15.0 (2025) [GS]
International Symposium on Experimental Robotics,ISER,2025,General,,,12.0 (2025) [GS]
IEEE PES Innovative Smart Grid Technologies (ISGT),ISGT,2025,General,,,26.0 (2025) [GS]
IEEE PES Innovative Smart Grid Technologies Conference Europe,ISGT-Europe,2025,General,,,22.0 (2025) [GS]
IEEE PES Innovative Smart Grid Technologies Conference Latin America,ISGT-LA,2025,General,,,10.0 (2025) [GS]
IEEE International Conference on Intelligence and Security Informatics,ISI,2025,General,,,17.0 (2025) [GS]
IEEE International Symposium on Industrial Electronics,ISIE,2025,General,,,24.0 (2025) [GS]
ACM/IEEE International Symposium on Low Power Electronics and Design,ISLPED,2025,General,,,19.0 (2025) [GS]
IEEE International Symposium on Mixed and Augmented Reality,ISMAR,2025,General,,,37.0 (2025) [GS]
International Society for Music Information Retrieval Conference,ISMIR,2025,General,,,42.0 (2025) [GS]
International Symposium on Medical Robotics,ISMR,2025,General,,,16.0 (2025) [GS]
IEEE International Symposium on Multiple-Valued Logic (ISMVL),ISMVL,2025,General,,,13.0 (2025) [GS]
"International Symposium On Leveraging Applications of Formal Methods, Verification and Validation",ISOLA,2025,General,,,22.0 (2025) [GS]
IEEE International Symposium on Object Oriented Real-Time Distributed Computing,ISORC,2025,General,,,12.0 (2025) [GS]
IEEE International Symposium on Performance Analysis of Systems and Software,ISPASS,2025,General,,,24.0 (2025) [GS]
International Symposium on Parallel and Distributed Computing,ISPDC,2025,General,,,8.0 (2025) [GS]
International Symposium on Quality Electronic Design,ISQED,2025,General,,,22.0 (2025) [GS]
IEEE International Solid-State Circuits Conference,ISSCC,2025,General,,,72.0 (2025) [GS]
International Symposium on Software Testing and Analysis,ISSTA,2025,General,,,50.0 (2025) [GS]
International Symposium on Visual Computing,ISVC,2025,General,,,18.0 (2025) [GS]
IEEE Computer Society Annual Symposium on VLSI,ISVLSI,2025,General,,,23.0 (2025) [GS]
International Symposium on Wireless Communication Systems,ISWCS,2025,General,,,15.0 (2025) [GS]
Conference on Innovations in Theoretical Computer Science,ITCS,2025,General,,,37.0 (2025) [GS]
International Conference on Information Technology Based Higher Education and Training,ITHET,2025,General,,,8.0 (2025) [GS]
Joint Conference on Innovation and Technology in Computer Science Education,ITICSE,2025,General,,,38.0 (2025) [GS]
International Conference on Information Technology-New Generations,ITNG,2025,General,,,12.0 (2025) [GS]
International Conference on Interactive Theorem Proving,ITP,2025,General,,,15.0 (2025) [GS]
International Conference on Intelligent User Interfaces (IUI),IUI,2025,General,,,50.0 (2025) [GS]
International Conference on Information Visualization,IV,2025,General,,,15.0 (2025) [GS]
International Work-Conference on Artificial and Natural Neural Networks (IWANN),IWANN,2025,General,,,10.0 (2025) [GS]
International Work-Conference on Bioinformatics and Biomedical Engineering (IWBBIO),IWBBIO,2025,General,,,13.0 (2025) [GS]
International Workshop on Biometrics and Forensics,IWBF,2025,General,,,17.0 (2025) [GS]
International Wireless Communications and Mobile Computing Conference (IWCMC),IWCMC,2025,General,,,29.0 (2025) [GS]
International Workshop on Combinatorial Algorithms,IWOCA,2025,General,,,11.0 (2025) [GS]
"International Conference on Systems, Signals and Image Processing",IWSSIP,2025,General,,,16.0 (2025) [GS]
International ACM/IEEE Joint Conference on Digital Libraries,JCDL,2025,General,,,23.0 (2025) [GS]
International Conference on Legal Knowledge and Information Systems (JURIX),JURIX,2025,General,,,18.0 (2025) [GS]
International Conference on Knowledge Discovery and Information Retrieval (KDIR),KDIR,2025,General,,,10.0 (2025) [GS]
"Symposium on Knowledge Discovery, Mining and Learning (KDMiLe)",KDMILE,2025,General,,,8.0 (2025) [GS]
ACM Conference on Learning at Scale,L@S,2025,General,,,28.0 (2025) [GS]
IEEE Latin American Conference on Computational Intelligence,LA-CCI,2025,General,,,8.0 (2025) [GS]
Latin-American Symposium on Dependable Computing,LADC,2025,General,,,7.0 (2025) [GS]
IEEE Latin American GRSS & ISPRS Remote Sensing Conference,LAGIRS,2025,General,,,14.0 (2025) [GS]
IEEE Latin American Symposium on Circuits and Systems (LASCAS),LASCAS,2025,General,,,15.0 (2025) [GS]
Congresso Latino-Americano de Software Livre e Tecnologias Abertas (Latinoware),LATINOWARE,2025,General,,,3.0 (2025) [GS]
IEEE Latin American Test Symposium (LATS),LATS,2025,General,,,8.0 (2025) [GS]
Logical Methods in Computer Science,LMCS,2025,General,,,28.0 (2025) [GS]
International Conference on Language Resources and Evaluation (LREC),LREC,2025,General,,,68.0 (2025) [GS]
IEEE International Conference on Mobile Adhoc and Sensor Systems (MASS),MASS,2025,General,,,21.0 (2025) [GS]
Mexican Conference on Pattern Recognition,MCPR2,2025,General,,,9.0 (2025) [GS]
International Symposium on Embedded Multicore/Many-core Systems-on-Chip,MCSoC,2025,General,,,10.0 (2025) [GS]
Mediterranean Conference on Control and Automation,MED,2025,General,,,19.0 (2025) [GS]
Mediterranean Communication and Computer Networking Conference,MedComNet,2025,General,,,16.0 (2025) [GS]
International Symposium on Memory Systems,MEMSYS,2025,General,,,10.0 (2025) [GS]
IEEE/ASME International Conference on Mechatronic and Embedded Systems and Applications,MESA,2025,General,,,8.0 (2025) [GS]
IEEE International Conference on Multisensor Fusion and Integration for Intelligent Systems,MFI,2025,General,,,17.0 (2025) [GS]
Mexican International Conference on Artificial Intelligence (MICAI),MICAI,2025,General,,,13.0 (2025) [GS]
IEEE/ACM International Symposium on Microarchitecture,MICRO,2025,General,,,58.0 (2025) [GS]
International Middleware Conference,MIDDLEWARE,2025,General,,,24.0 (2025) [GS]
IEEE Military Communications Conference,MILCOM,2025,General,,,19.0 (2025) [GS]
IEEE International Workshop on Machine Learning for Signal Processing,MLSP,2025,General,,,22.0 (2025) [GS]
International Conference on Methods and Models in Automation and Robotics,MMAR,2025,General,,,8.0 (2025) [GS]
ACM Multimedia Systems Conference (MMSys),MMSYS,2025,General,,,27.0 (2025) [GS]
ACM International Symposium on Mobile Ad Hoc Networking and Computing,MOBIHOC,2025,General,,,22.0 (2025) [GS]
"EAI International Conference on Mobile and Ubiquitous Systems: Computing, Networking and Services",MOBIQUITOUS,2025,General,,,14.0 (2025) [GS]
"Annual International Conference on Mobile Systems, Applications and Services",MobiSys,2025,General,,,40.0 (2025) [GS]
International Conference on Movement and Computing,MOCO,2025,General,,,11.0 (2025) [GS]
International Conference on Model-Driven Engineering and Software Development,MODELSWARD,2025,General,,,14.0 (2025) [GS]
International Conference on Mobile Ad-hoc and Sensor Networks,MSN,2025,General,,,19.0 (2025) [GS]
"ACM International Conference on Modeling, Analysis and Simulation of Wireless and Mobile Systems",MSWIM,2025,General,,,18.0 (2025) [GS]
IEEE International Midwest Symposium on Circuits and Systems (MWSCAS),MWSCAS,2025,General,,,20.0 (2025) [GS]
Annual Conference of the North American Fuzzy Information Processing Society,NAFIPS,2025,General,,,7.0 (2025) [GS]
IEEE International Symposium on Network Computing and Applications,NCA,2025,General,,,15.0 (2025) [GS]
Network and Distributed System Security Symposium (NDSS),NDSS,2025,General,,,72.0 (2025) [GS]
International Workshop on Neural-Symbolic Learning and Reasoning,NESY@HLAI,2025,General,,,16.0 (2025) [GS]
IFIP Networking Conference,NETWORKING,2025,General,,,26.0 (2025) [GS]
Neural Information Processing Systems,NeurIPS,2025,General,,,371.0 (2025) [GS]
IEEE Conference on Network Function Virtualization and Software Defined Networks,NFV-SDN,2025,General,,,17.0 (2025) [GS]
International Conference on Network of the Future,NOF,2025,General,,,12.0 (2025) [GS]
IEEE/IFIP Network Operations and Management Symposium,NOMS,2025,General,,,33.0 (2025) [GS]
Nordic Circuits and Systems Conference (NORCAS),NORCAS,2025,General,,,10.0 (2025) [GS]
USENIX Symposium on Networked Systems Design and Implementation,NSDI,2025,General,,,71.0 (2025) [GS]
International Conference on Optical Network Design and Modeling,ONDM,2025,General,,,18.0 (2025) [GS]
International Conference On Principles Of DIstributed Systems,OPODIS,2025,General,,,19.0 (2025) [GS]
International Conference on Operations Research,OR,2025,General,,,6.0 (2025) [GS]
International Conference on Open Source Systems and Technologies,OSS,2025,General,,,12.0 (2025) [GS]
IEEE Pacific Visualization Symposium,PacificVis,2025,General,,,19.0 (2025) [GS]
Pacific Asia Conference on Information Systems (PACIS),PACIS,2025,General,,,25.0 (2025) [GS]
International Conference on Parallel Architectures and Compilation Techniques (PACT),PACTT,2025,General,,,22.0 (2025) [GS]
Pacific-Asia Conference on Knowledge Discovery and Data Mining (PAKDD),PAKDD,2025,General,,,33.0 (2025) [GS]
International Conference on Passive and Active Network Measurement,PAM,2025,General,,,21.0 (2025) [GS]
Participatory Design Conference,PDC,2025,General,,,23.0 (2025) [GS]
"Euromicro International Conference on Parallel, Distributed and Network-Based Processing",PDP,2025,General,,,15.0 (2025) [GS]
EAI International Conference on Pervasive Computing Technologies for Healthcare,PervasiveHealth,2025,General,,,14.0 (2025) [GS]
"IEEE International Symposium on Personal, Indoor and Mobile Radio Communications",PIMRC,2025,General,,,28.0 (2025) [GS]
International Conference on Practice and Theory in Public Key Cryptography,PKC,2025,General,,,37.0 (2025) [GS]
ACM SIGPLAN Conference on Programming Language Design and Implementation (PLDI),PLDI,2025,General,,,51.0 (2025) [GS]
European Conference on Pattern Languages of Programs,PLOP,2025,General,,,14.0 (2025) [GS]
ACM Symposium on Principles of Distributed Computing (PODC),PODC,2025,General,,,30.0 (2025) [GS]
ACM SIGMOD-SIGACT-SIGART Symposium on Principles of Database Systems,PODS,2025,General,,,22.0 (2025) [GS]
International Conference on Parallel Processing and Applied Mathematics (PPAM),PPAM,2025,General,,,5.0 (2025) [GS]
International Conference on Parallel Problem Solving from Nature,PPSN,2025,General,,,22.0 (2025) [GS]
Pacific Rim International Symposium on Dependable Computing,PRDC,2025,General,,,14.0 (2025) [GS]
International Conference on Computational Processing of the Portuguese Language,PROPOR,2025,General,,,13.0 (2025) [GS]
Pacific Symposium on Biocomputing,PSB,2025,General,,,24.0 (2025) [GS]
International Workshop on Quality of Multimedia Experience,QoMEX,2025,General,,,24.0 (2025) [GS]
International Conference on the Quality of Information and Communications Technology,QUATIC,2025,General,,,16.0 (2025) [GS]
European Conference on Radiation and Its Effects on Components and Systems,RADECS,2025,General,,,7.0 (2025) [GS]
"International Symposium on Research in Attacks, Intrusions, and Defenses",RAID,2025,General,,,28.0 (2025) [GS]
IEEE International Conference on Real-time Computing and Robotics,RCAR,2025,General,,,14.0 (2025) [GS]
IEEE International Requirements Engineering Conference,RE,2025,General,,,32.0 (2025) [GS]
International Conference on Research in Computational Molecular Biology,RECOMB,2025,General,,,21.0 (2025) [GS]
ACM Conference on Recommender Systems,RECSYS,2025,General,,,57.0 (2025) [GS]
International Conference on Research in Intelligent and Computing in Engineering,RICE,2025,General,,,4.0 (2025) [GS]
IEEE International Symposium on Robot and Human Interactive Communication,RO-MAN,2025,General,,,34.0 (2025) [GS]
IEEE International Conference on Robotics and Biomimetics,ROBIO,2025,General,,,14.0 (2025) [GS]
RoboCup International Symposium,ROBOCUP,2025,General,,,9.0 (2025) [GS]
IEEE International Conference on Soft Robotics,RoboSoft,2025,General,,,29.0 (2025) [GS]
Iberian Robotics Conference,ROBOT,2025,General,,,8.0 (2025) [GS]
Robotics: Science and Systems,RSS,2025,General,,,83.0 (2025) [GS]
IEEE Real-Time and Embedded Technology and Applications Symposium,RTAS,2025,General,,,25.0 (2025) [GS]
IEEE International Conference on Embedded and Real-Time Computing Systems and Applications (RTCSA),RTCSA,2025,General,,,13.0 (2025) [GS]
IEEE International Real-Time Systems Symposium (RTSS),RTSS,2025,General,,,23.0 (2025) [GS]
ACM Symposium on Applied Computing,SAC,2025,General,,,37.0 (2025) [GS]
IEEE International Symposium on Applied Computational Intelligence and Informatics (SACI),SACI,2025,General,,,17.0 (2025) [GS]
ACM Symposium on Access Control Models and Technologies (SACMAT),SACMAT,2025,General,,,16.0 (2025) [GS]
"International Conference on Computer Safety, Reliability, and Security",SAFECOMP,2025,General,,,20.0 (2025) [GS]
IEEE Sensors Applications Symposium (SAS),SAS,2025,General,,,15.0 (2025) [GS]
"International Symposium on Computer Architecture and High Performance Computing, SBAC-PAD",SBAC-PAD,2025,General,,,14.0 (2025) [GS]
Simpósio Brasileiro de Automação Inteligente-SBAI,SBAI,2025,General,,,4.0 (2025) [GS]
Simpósio Brasileiro de Banco de Dados (SBBD),SBBD,2025,General,,,4.0 (2025) [GS]
Simpósio Brasileiro de Computação Aplicada à Saúde (SBCAS),SBCAS,2025,General,,,7.0 (2025) [GS]
Brazilian Symposium on Software Engineering,SBES,2025,General,,,23.0 (2025) [GS]
Brazilian Symposium on Computing Systems Engineering,SBESC,2025,General,,,9.0 (2025) [GS]
Simpósio Brasileiro de Jogos e Entretenimento Digital (SBGames),SBGAMES,2025,General,,,10.0 (2025) [GS]
Congresso Brasileiro de Agroinformática (SBIAGRO),SBIAGRO,2025,General,,,3.0 (2025) [GS]
Simpósio Brasileiro de Informática na Educação (SBIE),SBIE,2025,General,,,15.0 (2025) [GS]
Symposium on Microelectronics Technology and Devices,SBMICRO,2025,General,,,4.0 (2025) [GS]
Simpósio Brasileiro de Pesquisa Operacional,SBPO,2025,General,34,38,2 (2025) [OA]
Simpósio Brasileiro de Redes de Computadores e Sistemas Distribuídos (SBRC),SBRC,2025,General,,,8.0 (2025) [GS]
Simpósio Brasileiro de Segurança da Informação e de Sistemas Computacionais (SBSeg),SBSeg,2025,General,,,6.0 (2025) [GS]
Simpósio Brasileiro de Sistemas de Informação (SBSI),SBSI,2025,General,,,6.0 (2025) [GS]
Simpósio Brasileiro de Tecnologia da Informação e da Linguagem Humana (STIL),SBTI,2025,General,,,8.0 (2025) [GS]
"International Conference for High Performance Computing, Networking, Storage and Analysis",SC,2025,General,,,50.0 (2025) [GS]
IEEE International Working Conference on Source Code Analysis and Manipulation,SCAM,2025,General,,,16.0 (2025) [GS]
SIAM International Conference on Data Mining (SDM),SDM,2025,General,,,36.0 (2025) [GS]
"IEEE International Conference on Sensing, Diagnostics, Prognostics, and Control",SDPC,2025,General,,,9.0 (2025) [GS]
International Conference on Software Defined Systems,SDS,2025,General,,,14.0 (2025) [GS]
International Symposium on Experimental Algorithms,SEA,2025,General,,,11.0 (2025) [GS]
Euromicro Conference on Software Engineering and Advanced Applications,SEAA,2025,General,,,23.0 (2025) [GS]
International Symposium on Software Engineering for Adaptive and Self-Managing Systems,SEAMS,2025,General,,,21.0 (2025) [GS]
IFIP TC 11 International Conference on ICT Systems Security and Privacy Protection,SEC,2025,General,,,15.0 (2025) [GS]
International Conference on Security and Cryptography (SECRYPT),SECRYPT,2025,General,,,13.0 (2025) [GS]
International Conference on Serious Games and Applications for Health (SeGAH),SEGAH,2025,General,,,18.0 (2025) [GS]
International Conference on Software Engineering and Knowledge Engineering (SEKE),SEKE,2025,General,,,14.0 (2025) [GS]
International Workshop on Semantic Evaluation,SEMEVAL,2025,General,,,40.0 (2025) [GS]
Seminário Integrado de Software e Hardware (SEMISH),SEMISH,2025,General,,,5.0 (2025) [GS]
International Conference on Mobile Ad-hoc and Sensor Networks,SENSORNETS,2025,General,,,19.0 (2025) [GS]
"SIBGRAPI Conference on Graphics, Patterns and Images",SIBGRAPI,2025,General,,,22.0 (2025) [GS]
ACM SIGCOMM Conference,SIGCOMM,2025,General,,,64.0 (2025) [GS]
Annual Meeting of the Special Interest Group on Discourse and Dialogue (SIGDIAL),SIGDIAL,2025,General,,,26.0 (2025) [GS]
ACM International Conference on Design of Communication,SIGDOC,2025,General,,,12.0 (2025) [GS]
ACM SIGMOD International Conference on Management of Data,SIGMOD,2025,General,,,74.0 (2025) [GS]
IEEE/SICE International Symposium on System Integration,SII,2025,General,,,19.0 (2025) [GS]
"International Conference on Simulation and Modeling Methodologies, Technologies, and Applications (SIMULTECH)",SIMULTECH,2025,General,,,10.0 (2025) [GS]
IEEE International Conference on Smart Grid Communications (SmartGridComm),SMARTGRIDCOMM,2025,General,,,21.0 (2025) [GS]
"IEEE International Conference on Systems, Man and Cybernetics",SMC,2025,General,,,36.0 (2025) [GS]
IEEE/IFIP International Conference on VLSI and System-on-Chip (VLSI-SoC),SOCC,2025,General,,,14.0 (2025) [GS]
Multidisciplinary International Social Networks Conference on Social Informatics,SOCINFO,2025,General,,,6.0 (2025) [GS]
ACM SIAM Symposium on Discrete Algorithms,SODA,2025,General,,,50.0 (2025) [GS]
"International Conference on Software, Telecommunications and Computer Networks",SOFTCOM,2025,General,,,15.0 (2025) [GS]
Symposium On Usable Privacy and Security,SOUPS,2025,General,,,35.0 (2025) [GS]
ACM Symposium on Parallelism in Algorithms and Architectures (SPAA),SPAA,2025,General,,,21.0 (2025) [GS]
International Symposium on String Processing and Information Retrieval,SPIRE,2025,General,,,12.0 (2025) [GS]
International Software Product Line Conference,SPLC,2025,General,,,23.0 (2025) [GS]
IEEE Symposium Series on Computational Intelligence,SSCI,2025,General,,,31.0 (2025) [GS]
Symposium on Theoretical Aspects of Computer Science (STACS),STACS,2025,General,,,24.0 (2025) [GS]
ACM Symposium on Theory of Computing,STOC,2025,General,,,63.0 (2025) [GS]
ACM Symposium on Spatial User Interaction,SUI,2025,General,,,18.0 (2025) [GS]
Symposium on Virtual and Augmented Reality,SVR,2025,General,,,15.0 (2025) [GS]
Scandinavian Workshop on Algorithm Theory (SWAT),SWAT,2025,General,,,11.0 (2025) [GS]
IEEE International Systems Conference (SysCon),SYSCON,2025,General,,,19.0 (2025) [GS]
International Conference on Tools and Algorithms for the Construction and Analysis of Systems (TACAS),TACAS,2025,General,,,35.0 (2025) [GS]
International Symposium on Theoretical Aspects of Software Engineering,TASE,2025,General,,,10.0 (2025) [GS]
Theory of Cryptography,TCC,2025,General,,,35.0 (2025) [GS]
International Conference on Technological Ecosystems for Enhancing Multiculturality,TEEM,2025,General,,,22.0 (2025) [GS]
"International Conference on Tangible, Embedded, and Embodied Interaction",TEI,2025,General,,,31.0 (2025) [GS]
International Conference on Theory and Practice of Digital Libraries,TPDL,2025,General,,,13.0 (2025) [GS]
Text REtrieval Conference (TREC),TREC,2025,General,,,15.0 (2025) [GS]
"IEEE International Conference on Trust, Security and Privacy in Computing and Communications (TrustCom)",TRUSTCOM,2025,General,,,31.0 (2025) [GS]
Conference on Uncertainty in Artificial Intelligence (UAI),UAI,2025,General,,,50.0 (2025) [GS]
ACM Symposium on User Interface Software and Technology,UIST,2025,General,,,53.0 (2025) [GS]
"International Conference on User Modeling, Adaptation and Personalization (UMAP)",UMAP,2025,General,,,33.0 (2025) [GS]
USENIX Security Symposium,USENIX Security,2025,General,,,116.0 (2025) [GS]
"Workshop on NLP for Similar Languages, Varieties and Dialects",VarDial,2025,General,,,16.0 (2025) [GS]
International Conference on Very Large Databases,VLDB,2025,General,,,90.0 (2025) [GS]
IEEE Symposium on Visual Languages and Human-Centric Computing,VLHCC,2025,General,,,19.0 (2025) [GS]
"International Symposium on VLSI Design, Automation and Test (VLSI-DAT)",VLSI-DAT,2025,General,,,12.0 (2025) [GS]
IEEE/IFIP International Conference on VLSI and System-on-Chip (VLSI-SoC),VLSI-SOC,2025,General,,,14.0 (2025) [GS]
IEEE Vehicular Networking Conference (VNC),VNC,2025,General,,,18.0 (2025) [GS]
ACM Symposium on Virtual Reality Software and Technology,VRST,2025,General,,,27.0 (2025) [GS]
"IEEE Vehicular Technology Conference, VTC",VTC,2025,General,,,46.0 (2025) [GS]
Conference on Web Accessibility,W4A,2025,General,,,18.0 (2025) [GS]
International Workshop on Algorithms and Computation (WALCOM),WALCOM,2025,General,,,11.0 (2025) [GS]
IEEE Workshop on Applications of Signal Processing to Audio and Acoustics,WASPAA,2025,General,,,21.0 (2025) [GS]
IEEE Wireless Communications and Networking Conference Workshops (WCNCW),WCNCW,2025,General,,,24.0 (2025) [GS]
Workshop on Communication Networks and Power Systems,WCNPS,2025,General,,,10.0 (2025) [GS]
International Conference on 3D Web Technology,WEB3D,2025,General,,,10.0 (2025) [GS]
International Conference on Web Information Systems and Technologies (WEBIST),WEBIST,2025,General,,,11.0 (2025) [GS]
Brazilian Symposium on Multimedia and the Web,WEBMEDIA,2025,General,,,12.0 (2025) [GS]
ACM Web Science Conference,WEBSCI,2025,General,,,30.0 (2025) [GS]
Workshop sobre Educação em Computação (WEI),WEI,2025,General,,,10.0 (2025) [GS]
Workshop on Hyperspectral Image and Signal Processing: Evolution in Remote Sensing (WHISPERS),WHISPERS,2025,General,,,13.0 (2025) [GS]
Workshop de Informática na Escola (WIE),WIE,2025,General,,,9.0 (2025) [GS]
IEEE International Workshop on Information Forensics and Security,WIFS,2025,General,,,20.0 (2025) [GS]
IEEE International Conference on Wireless and Mobile Computing Networking and Communications,WIMOB,2025,General,,,16.0 (2025) [GS]
"International Symposium on Modeling and Optimization in Mobile, Ad Hoc, and Wireless Networks and Workshops",WiOpt,2025,General,,,17.0 (2025) [GS]
Women in Information Technology (WIT),WIT,2025,General,,,13.0 (2025) [GS]
"IEEE International Symposium on a World of Wireless, Mobile and Multimedia Networks",WOWMOM,2025,General,,,22.0 (2025) [GS]
Simpósio em Sistemas Computacionais de Alto Desempenho (SSCAD),WSCAD,2025,General,,,5.0 (2025) [GS]
ACM International Conference on Web Search and Data Mining,WSDM,2025,General,,,86.0 (2025) [GS]
International World Wide Web Conferences (WWW),WWW,2025,General,,,120.0 (2025) [GS]
